{"SHL": "1", "Allsvenskan": "2", "Division 1": "3", "Division 2": "4", "Division 3": "5", "Division 4": "75", "Division 5": "665", "Division 6": "666", "J20 SuperElit": "33", "J20 Elit": "145", "J20 Div.1": "179", "J20 Div.2": "187", "J18 Allsvenskan": "34", "J18 Elit": "144", "J18 Div.1": "178", "J18 Div.2": "188", "U16 SM": "191", "U16 Elit": "596", "U16 Div.1": "336", "U16 Div.2": "600", "TV-Pucken": "111", "Liiga": "6", "Mestis": "28", "Suomi-sarja": "76", "II-divisioona": "234", "III-divisioona": "451", "Jr. SM-liiga": "230", "Jr. A Mestis": "571", "Jr. A Suomi-sarja": "610", "Jr. B SM-sarja": "229", "Jr. B Mestis": "572", "Jr. B Suomi-sarja": "573", "Jr. C SM-sarja": "442", "Metal Ligaen": "16", "1. Division": "112", "Denmark U20": "242", "Denmark U17": "581", "Get Ligaen": "15", "1. Divisjon": "89", "2. Divisjon": "135", "3. Divisjon": "530", "Norway U20": "560", "Norway U18": "559", "Iceland": "225", "NLA": "12", "NLB": "27", "SRL": "516", "1. Liga": "239", "Elite Jr. A": "433", "Elite Jr. B": "434", "Elite Novizen": "435", "DEL": "26", "DEL 2": "29", "Oberliga": "90", "Regionalliga": "72", "DNL": "226", "DNL2": "659", "Sch\u00fcler-Bundesliga": "349", "Erste Bank Liga": "862", "Alps Hockey League": "863", "EBYSL": "864", "EBJL": "13", "Ligue Magnus": "67", "Division 1-W": "711", "Division 2-W": "712", "Division 3-W": "146", "France U17": "872", "France U20": "873", "EIHL": "105", "NIHL": "140", "NIHL 2": "684", "England U15": "709", "England U18": "458", "England U20": "708", "SNL": "340", "BeNeLiga": "703", "Netherlands2": "303", "KHL": "192", "VHL": "133", "Russia3": "134", "MHL": "228", "NMHL": "508", "Russia U16": "699", "Russia U17": "700", "Russia U18": "819", "Moskva U19": "907", "Extraliga": "11", "1. liga": "123", "2. liga": "138", "Czech U16": "447", "Czech U18": "162", "Czech U20": "163", "Extraliga-W": "826", "1. liga-W": "124", "Slovakia U16": "912", "Slovakia U18": "167", "Slovakia U20": "168", "Latvia": "18", "Latvia2": "200", "Latvia U18": "316", "Erste Liga": "464", "Hungary": "104", "Hungary U18": "333", "Hungary U20": "261", "Belarus": "126", "Belarus2": "208", "Ukraine": "213", "Ukraine U20": "448", "Ukraine U16": "611", "Kazakhstan": "196", "Poland": "22", "Poland2": "210", "Poland U20": "625", "Bulgaria": "227", "Estonia": "19", "Lithuania": "132", "Romania": "23", "Elite Division": "24", "Italian HL": "116", "Junior League": "881", "Italy U17": "911", "Croatia": "121", "Serbia": "189", "Slovenia": "88", "IntHL": "910", "Bosnia": "467", "Spain": "143", "Turkey": "186", "Asia League": "147", "CIHL HK": "648", "China": "478", "Japan": "25", "Korea College": "672", "AIHL": "120", "AIJHL": "654", "ECSL": "465", "IHSA Premier": "904", "IHV Premier": "903", "WASL": "961", "NZIHL": "195", "GPHL": "628", "WPIHL": "629", "Israel": "338", "UAE": "474", "EUHL": "837", "MSHL1": "843", "MSHL2": "844", "MSHL3": "845", "RSHL1": "905", "RSHL2": "906", "SHLSPB1": "846", "SHLSPB2": "847", "NHL": "7", "AHL": "8", "ECHL": "10", "SPHL": "161", "LNAH": "137", "FHL": "342", "ACH": "398", "ACHW": "350", "WOAA": "348", "NCAA": "70", "NCAA III": "232", "NAIA": "895", "ACHA": "304", "ACHA II": "326", "ACHA III": "327", "BCIHL": "343", "USports": "127", "CCAA": "128", "QCHL": "505", "FCHL": "608", "GLHL": "175", "LHBBF": "420", "LHSAAAQ": "901", "LHSAM": "527", "LHSCE": "526", "NCHL": "513", "NESHL": "548", "NLSHL": "427", "SEMHL": "424", "SVHL": "401", "SWHL": "549", "MWHL": "562", "USHL": "78", "NAHL": "98", "NCDC": "908", "EHL": "605", "EHLP": "815", "NA3HL": "94", "RMJHL": "693", "UAHL": "962", "USPHL Premier": "594", "USPHL Elite": "623", "WSHL": "101", "AYHL 18U": "652", "AYHL 16U": "651", "AYHL 15U": "668", "ECEL U18": "707", "ECEL U16": "368", "EJEPL U18": "592", "EJEPL U16": "400", "HPHL U18": "633", "HPHL U16": "634", "HPHL U15": "875", "NAPHL 18U": "318", "NAPHL 16U": "607", "NAPHL 15U": "876", "NJPHL U18": "535", "NJPHL U16": "425", "T1EHL U18": "637", "T1EHL U16": "638", "T1EHL U15": "857", "USPHL 18U": "621", "USPHL 16U": "620", "USPHL 16UF": "820", "HPBHL": "635", "HPBMHL": "636", "T1EBHL": "639", "T1EMBHL": "640", "USDP": "428", "USHS": "131", "MPHL": "399", "NJCAA": "221", "NSHL": "528", "WHL": "36", "AJHL": "91", "BCHL": "92", "MJHL": "97", "SIJHL": "216", "SJHL": "100", "CapJHL": "355", "HJHL": "255", "KJHL": "360", "KIJHL": "212", "NEAJBHL": "361", "NWJHL": "218", "PJHL": "330", "PIJHL": "256", "VIJHL": "257", "AMHL": "207", "AMMHL": "384", "BCMML": "252", "CSSHL": "503", "CSSHL E15": "691", "CSSVHL": "692", "MMHL": "253", "NAMHL": "444", "SMHL": "251", "WCML": "506", "AMBHL": "328", "CSSBHL": "689", "CSSBVHL": "690", "PCBHL": "644", "SSMHL": "519", "SBAAHL": "630", "WBAAA": "579", "WBAAA2": "580", "MMJHL": "344", "OHL": "9", "CCHL": "93", "NOJHL": "215", "OJHL": "217", "CCHL2": "705", "GOJHL": "180", "LJHL": "874", "PJCHL": "858", "AHMMPL": "438", "AHMPL": "437", "ETAMMHL": "612", "GNML": "403", "GTHL": "405", "GTMMHL": "613", "HEOMAAA": "706", "SCTAMM": "614", "ETABHL": "798", "GTBHL": "615", "NOBHL": "552", "NOMBHL": "609", "OEBHL": "649", "OEMBHL": "650", "CAHS": "445", "CISAA": "414", "CPJHL": "880", "GMHL": "177", "QMJHL": "68", "MJAHL": "96", "QJAAAHL": "220", "NSJHL": "363", "NBPEIMMHL": "489", "NLMMHL": "490", "NSMMHL": "432", "QMAAA": "423", "QMAA": "616", "QMEAA": "606", "NBBAAAHL": "641", "NLBAAAHL": "697", "NSMBHL": "554", "PEIBAAA": "551", "QBAAA": "642", "World Cup 2016": "65", "WC": "61", "WC D1A": "305", "WC D1B": "541", "WC D2A": "306", "WC D2B": "542", "WC D3": "307", "WC D3Q": "591", "Olympics": "60", "OGQ": "590", "U20 WJC": "64", "U20 WJC D1A": "311", "U20 WJC D1B": "536", "U20 WJC D2A": "312", "U20 WJC D2B": "537", "U20 WJC D3": "313", "U18 WJC": "63", "U18 WJC D1A": "308", "U18 WJC D1B": "538", "U18 WJC D2A": "309", "U18 WJC D2B": "539", "U18 WJC D3A": "310", "U18 WJC D3B": "540", "YOG": "543", "U17 WHC": "321", "CCOA": "601", "CCOA D1": "653", "CCOA U20": "603", "CCOA U18": "602", "Champions HL": "657", "Continental Cup": "848", "SDHL": "710", "AllEttan": "814", "St\u00e5lbucklan": "713", "U18 Region": "714", "Liiga-W": "894", "Mestis-W": "809", "Suomi-sarja-W": "808", "Denmark": "790", "Norway": "791", "Norway2": "792", "SWHL A": "749", "SWHL B": "779", "Frauen-Bundesliga": "736", "Germany2": "745", "Germany3": "746", "Germany4": "747", "EWHL": "812", "DEBL": "780", "DEBL2": "813", "France": "782", "Premier": "786", "UK Division 1": "787", "UK U16": "788", "Russia": "777", "Latvia-W": "789", "Poland-W": "816", "Bulgaria-W": "781", "Italy": "783", "Spain-W": "784", "Turkey-W": "785", "AWIHL": "852", "NWHL": "727", "CWHL": "728", "MAWHL": "737", "ACAC": "729", "USports-W": "730", "NCAA-W": "731", "NCAA III-W": "734", "QCHL-W": "807", "CAHS-W": "794", "USHS-W": "756", "JWHL": "757", "PWHL": "759", "WC-W": "716", "WC D1A-W": "717", "WC D1B-W": "718", "WC D2A-W": "719", "WC D2B-W": "720", "WCQ": "723", "EC": "806", "Olympics-W": "725", "U18 WJC-W": "721", "U18 WJC D1A-W": "722", "U18 WJC D1B-W": "724", "YOG-W": "811", "CCOA-W": "817", "CCOA D1-W": "818"}